0.0349737,0.17499
-0.0269704,0.20457
-0.0222652,0.0654174
0.111052,1.37645
0.544115,21.5907
-0.0353698,0.185533
0.0290207,1.28602
0.0626976,0.854334
-0.246517,4.76204
-0.19123,3.36936
-0.0158628,0.683086
-0.163852,1.68741
0.121497,1.29012
0.0324514,0.7181
-0.125957,1.49259
-0.0500768,0.473747
0.188058,2.34994
-0.093111,0.870532
0.167202,2.98688
-0.172441,3.129
0.310226,8.10073
-0.148565,2.07073
-0.186651,3.13384
-0.0908083,0.709167
-0.0259883,0.134803
-0.0478067,0.341036
0.157754,3.32584
0.0776819,0.717107
-0.0567397,0.268634
0.0611075,0.498512
0.060064,0.398114
-0.333207,8.14702
-0.211431,3.13665
-0.128655,1.96126
0.0206293,1.47595
0.235717,4.35092
-0.0548094,0.794405
-0.356158,9.78569
0.082917,0.67891
-0.11075,1.0633
0.0400911,0.226704
-0.0925364,0.715105
-0.256397,6.19507
-0.144957,2.5365
0.421515,12.366
-0.0395996,0.602954
-0.0480339,1.04929
0.0126219,0.482195
-0.0618087,0.763984
-0.0746069,0.501332
0.0736042,0.894834
-0.059266,1.20234
-0.138004,1.75134
0.185849,2.95172
-0.0372331,1.37158
0.165992,1.80985
-0.231731,4.48151
0.252142,4.17284
-0.0214192,0.552727
-0.049464,0.160601
-0.0577426,0.441634
0.303564,6.7486
-0.158927,2.42707
-0.14566,1.34061
-0.25715,4.81905
-0.241768,5.39727
-0.0184435,0.0914921
0.052937,0.858097
-0.128683,1.92102
0.09382,0.725932
-0.0572676,0.491373
0.227887,5.06459
-0.0524364,0.396835
-0.225024,3.33269
-0.0227656,0.527768
-0.268238,5.19601
0.0280085,0.353694
0.234248,3.87072
-0.0823587,0.4682
-0.1866,3.10428
0.0414328,0.699148
0.18147,2.28105
0.102775,0.864438
-0.0214438,0.471225
-0.176386,2.22091
0.295776,6.47897
0.0850322,0.656691
0.0779433,0.605229
-0.0689105,0.356567
-0.23725,4.28839
-0.0968634,0.648829
-0.00669858,1.88353
0.0685382,0.989407
0.0448266,1.3314
-0.101848,1.70062
-0.0599743,0.459677
-0.0583194,0.368825
0.225234,4.37808
0.0682594,0.45835
-0.0416171,0.168573
0.151161,2.0456
-0.0943629,0.983898
-0.100987,0.716281
-0.0405682,0.149776
0.075998,0.512657
0.225022,4.63983
0.115905,1.12915
-0.186057,2.57834
-0.180831,2.32155
-0.28229,5.44261
-0.192879,3.19331
-0.17492,2.14501
-0.213615,3.07768
0.165158,1.98621
-0.0937458,0.837472
-0.0905328,0.759699
-0.22965,4.2992
-0.0310842,0.113102
0.0272741,0.664191
-0.134224,2.27712
0.00846318,0.0612069
-0.243917,4.25809
0.114146,0.826387
-0.0150006,0.0401968
-0.312519,7.95333
0.251724,4.37326
-0.104581,0.884889
-0.240018,4.51646
-0.100322,0.672504
-0.0131871,0.154079
-0.264462,5.78126
-0.0905596,1.2299
-0.0777191,0.494237
0.167874,1.77615
0.0302062,0.602464
-0.0302851,1.94468
0.0871755,0.938684
-0.260756,6.9844
-0.0265709,0.223108
-0.179074,2.34415
-0.210792,2.81
-0.268141,5.30784
0.148633,2.14043
0.106709,1.77502
-0.0169638,0.243997
-0.212721,3.35333
0.078771,0.420346
0.126201,0.994994
-0.122353,1.66442
0.258092,4.40332
-0.00418916,1.51182
-0.216611,3.50764
-0.0145911,0.300718
-0.0413396,0.287193
0.102036,0.753584
0.316664,7.61902
0.0321345,1.36555
-0.179521,3.15156
0.215241,3.56412
0.140288,2.07576
0.117881,1.21876
0.20646,2.92221
-0.0482838,0.221027
-0.104379,1.61719
-0.143957,3.60944
-0.1531,2.77788
0.0133541,0.241789
0.261111,5.10511
-0.277514,5.70687
0.263059,6.24789
0.0103951,0.139429
-0.0939693,0.572503
-0.208487,4.07403
0.0211868,0.0648863
0.0209967,0.181037
0.0177992,0.455438
0.0114975,0.225737
-0.0925951,0.638421
0.147966,1.58976
-0.0167478,0.0726182
-0.0531248,0.780364
-0.0721117,0.834987
-0.0645398,0.547082
0.0850198,1.2562
-0.18371,3.15765
0.142413,2.24348
0.0812133,0.480462
-0.0218895,0.218963
0.101011,0.7658
0.0262913,0.229834
-0.0430811,0.303327
0.271528,5.76242
0.0252785,0.0449858
-0.0850198,0.857078
-0.14443,2.85166
0.0337624,0.645092
0.187034,2.79767
0.166345,1.75856
-0.158052,1.79017
0.258844,4.94454
0.0888654,1.25339
0.134121,1.30405
0.0379064,0.845804
0.181594,2.2563
-0.0360261,0.641388
-0.0902996,1.08567
0.000161211,0.773899
-0.0368543,0.275847
0.239236,5.19006
0.211435,3.04904
-0.295196,6.18127
0.0962072,1.30762
-0.184492,2.95023
-0.00678176,1.45987
-0.00519106,0.179753
-0.0216055,0.0540053
-0.0766488,1.6625
0.00291259,0.14057
0.172677,2.53563
0.240382,4.42026
-0.0453168,0.915295
0.514648,21.1848
-0.0171533,0.124294
-0.105586,0.955684
0.236654,4.0834
0.0277063,0.311918
-0.0197428,0.838462
0.344492,9.48952
-0.194557,3.5911
-0.0687867,1.10496
-0.0451694,0.260136
-0.00705339,0.00619265
-0.0308582,0.294144
0.154769,3.00604
-0.110283,3.17074
-0.0003982,0.09848
-0.143717,1.4675
-0.154566,2.11771
-0.0801287,1.63632
-0.000848661,0.249661
0.046719,0.558525
-0.274053,5.47039
-0.0770917,0.376085
0.00578615,0.0844857
-0.173502,3.39894
0.0320628,0.279449
-0.0700234,0.565526
-0.160428,2.8482
0.144296,1.93172
-0.00279643,0.427271
0.0236784,0.582137
-0.0616254,0.561049
0.119188,1.14235
0.0244498,0.446517
-0.0850452,0.524103
-0.131324,2.10605
-0.0896136,0.713439
-0.202669,2.65691
0.160099,2.04683
-0.125351,1.17446
0.0322494,0.586727
0.306143,6.14675
-0.146844,1.9087
-0.28208,5.74583
-0.205426,3.29404
-0.034304,0.131712
-0.0294483,0.190312
-0.091989,0.878895
0.0673272,0.520657
0.0478759,0.184243
-0.127557,1.13524
-0.0300055,0.308884
0.0932362,1.12637
-0.200839,6.44344
0.281017,6.03657
-0.0939567,0.943863
0.0994793,1.26502
0.311696,8.22554
0.031337,1.21376
0.00592879,0.270642
0.0292503,0.0664714
0.116805,1.27663
-0.0584327,0.22252
-0.203302,4.46805
0.196805,3.2463
-0.143248,1.42553
-0.0628491,1.34897
0.0465653,0.487056
-0.173518,2.59333
-0.0260183,0.0686496
-0.380276,9.57245
-0.0643503,0.65457
-0.0320991,0.472189
0.0278038,0.125629
0.0701278,0.947034
0.176516,2.55829
0.160318,1.68298
-0.0679311,0.678622
-0.45366,13.9185
-0.0788164,0.455538
-0.0880676,0.733874
-0.17624,2.14561
0.0521964,0.321097
0.0387178,0.529046
0.0519977,1.36946
-0.0424825,0.284203
-0.271196,5.31614
-0.138839,3.36169
-0.0959076,2.10936
0.0107204,0.156549
0.167903,2.34485
0.0459916,0.40156
0.264781,6.24638
-0.115874,1.7289
0.236283,3.70246
-0.0939386,0.921198
0.255418,4.35109
-0.118356,1.1655
0.279956,5.17756
-0.0326523,0.0846154
0.11711,1.51776
0.00204592,0.0979041
0.0741327,0.355189
-0.0255975,1.63515
0.23411,4.17105
-0.217186,4.52916
-0.0964188,1.30868
0.0374199,0.373892
0.327764,7.45076
-0.0821495,1.158
0.271137,4.95534
-0.0842933,0.864867
-0.280192,6.69558
0.0617307,1.02527
-0.242662,4.43602
0.0962531,0.727184
0.0323894,0.105046
-0.0838713,0.578125
0.0480671,0.528421
-0.170306,2.16207
-0.210652,4.02094
0.325994,7.67176
-0.160511,1.87838
-0.0103576,0.0881798
-0.104002,1.8152
0.0459589,0.85255
-0.197026,3.47004
0.205636,4.30818
-0.143567,2.23317
-0.191961,2.77752
0.0304326,0.238154
-0.0158408,0.224124
-0.000672283,0.271727
-0.0758522,2.83979
-0.0923466,0.608373
0.124208,2.81587
-0.0969627,0.760931
0.0204182,1.45753
0.19384,2.63406
0.0305198,0.774494
-0.12101,1.20016
0.0622727,0.502504
-0.261216,5.35687
-0.207223,3.40694
-0.088666,0.909183
-0.175195,2.80693
-0.0867866,1.67611
-0.0795571,0.490572
-0.0950952,0.655993
0.0157439,0.419566
0.0491844,0.981576
0.0896949,1.28353
0.155042,1.58358
0.105623,0.828654
-0.0545792,0.538012
-0.34636,9.0282
-0.0693831,0.46614
0.00358132,0.526236
-0.274985,6.85506
-0.150702,1.80062
0.0173675,0.240437
-0.0840624,1.30873
-0.00925474,0.128528
0.0307109,0.148062
-0.417271,12.8233
-0.0888958,0.771556
-0.065826,0.373407
-0.0366695,0.161633
0.150809,1.72514
-0.0881387,0.675505
0.0888731,1.08319
0.24677,4.54879
-0.171012,3.91724
-0.0525832,0.412714
0.0867088,0.951247
-0.106212,0.974636
0.0809832,1.15665
-0.156018,1.71737
-0.113568,1.80594
-0.207168,3.0587
0.230533,3.91782
0.122921,0.964657
0.0181958,0.539412
0.116592,2.87979
0.122998,1.30455
-0.0479683,0.422808
0.0843547,0.55115
0.102373,0.898594
0.166267,2.67101
0.0111708,0.457675
-0.149465,1.62679
0.0383253,0.110552
-0.108429,1.03694
-0.134245,1.30338
0.174426,2.42655
-0.0253956,0.0802624
0.0941702,0.816476
-0.0458573,0.597623
-0.0385032,0.124702
0.132014,1.91484
0.0817945,0.5559
-0.284499,6.19457
0.00734804,0.13685
0.0502657,1.63314
0.0886686,1.1537
0.144764,1.36038
-0.0408114,1.21657
-0.0698141,0.468492
0.265779,5.11111
0.0338943,0.448822
-0.0204812,0.733405
-0.320336,7.03723
-0.102074,1.05825
0.21236,3.24897
0.387716,10.527
-0.205337,4.07644
0.0193601,0.261289
-0.16416,2.20454
-0.301447,7.15963
0.058369,0.521519
-0.321786,6.97087
0.152718,1.92414
-0.0167341,0.227233
-0.102518,1.56788
-0.115486,1.00388
0.109322,1.31005
-0.0359882,0.141864
0.192628,4.00481
-0.142046,1.45769
-0.171576,2.28097
-0.01282,0.0258239
-0.190933,2.30627
0.0764789,0.41522
-0.149772,2.14714
-0.104677,0.965058
0.00810098,0.431253
0.273632,5.62206
-0.203697,2.84357
0.177197,2.24559
-0.0839501,0.906395
-0.0321011,1.27461
0.00737425,0.584341
-0.415351,12.4945
0.0200761,0.570977
0.369702,11.179
-0.248462,7.55054
-0.101459,1.25363
0.0621556,0.361429
-0.0937447,0.673417
-0.224438,3.34435
0.0162939,0.194821
-0.224745,4.06039
0.256581,5.80147
-0.17659,2.52458
-0.0906876,0.680348
-0.143145,1.77078
-0.0627839,0.444091
0.127877,1.51092
-0.325615,7.43431
0.0515839,0.523809
0.351988,9.72316
-0.0791163,1.4743
-0.0139001,2.02013
0.170219,2.11723
-0.0696625,0.556613
-0.268464,5.86751
-0.354746,10.16
0.165699,2.03247
0.0598804,0.448185
-0.121594,1.13312
0.122309,1.05395
0.0558784,0.224756
-0.107727,1.02122
0.000301164,0.230268
-0.0585605,0.407392
-0.0314672,0.599211
-0.122527,0.975044
0.00517562,0.137499
-0.130063,1.37296
0.128949,1.33374
-0.0229002,0.781679
-0.10233,1.04609
-0.0452048,0.670634
-0.0699652,1.11362
0.016338,1.66328
-0.0108569,0.0829972
-0.326264,7.67047
0.186375,3.02118
-0.200239,3.07417
0.00690823,0.297123
0.183595,2.16461
-0.0249244,0.11986
0.174954,2.01263
0.15078,2.40612
-0.272424,5.25002
-0.0667276,0.375967
-0.200387,2.75991
0.0520629,0.319465
0.165173,2.00972
0.172478,1.8621
0.00491786,0.392783
-0.142389,2.27112
0.189705,2.59251
-0.302601,6.58582
0.0274839,0.767921
-0.15549,1.89757
-0.00232765,0.251472
0.0648577,0.309043
0.0111525,0.131789
-0.0430022,0.323398
0.143676,1.40548
-0.291412,6.03873
-0.065855,0.304205
-0.243599,4.40304
-0.0643113,0.800094
0.0780919,1.32477
0.102244,0.675238
0.0651158,0.316357
-0.0634279,0.507291
0.031015,0.0637247
0.0506653,0.258512
0.104116,1.14034
-0.140635,1.49538
-0.187309,3.73251
-0.168506,3.2487
0.19735,3.01699
0.110315,1.16135
-0.0346293,0.182141
-0.146159,1.46642
-0.213693,3.96484
-0.121201,1.89102
-0.0979775,1.08249
-0.221201,3.17933
-0.0334902,0.822387
-0.0455489,0.391061
0.0595732,0.252512
-0.0641249,0.36654
0.00298275,0.61082
0.225202,4.42791
-0.140979,1.28305
-0.017827,0.0583252
0.129365,1.26401
0.142895,2.00435
0.253104,4.29321
0.0828108,0.94979
-0.0857104,0.597425
-0.136933,1.34886
0.148146,2.46687
0.391648,11.9407
0.0639497,0.304322
0.0312428,0.197523
-0.154988,1.80614
0.122288,1.59367
0.0115648,0.352462
0.00848276,0.142417
-0.187802,2.49409
-0.0421544,0.575422
-0.0278671,0.147649
0.0974817,2.32389
0.047873,0.198769
-0.0423994,0.657511
0.154799,1.6039
0.267912,5.94674
-0.0350486,0.92381
0.0518226,0.410213
-0.0230942,0.560061
-0.0458213,0.639661
0.0880736,0.50316
-0.0546851,0.482732
0.126605,1.65365
-0.0749086,0.59037
-0.195867,4.71359
0.229396,4.50145
0.366185,8.7583
-0.217828,3.43476
0.196972,3.90453
0.152303,1.70066
0.101516,0.993334
0.20807,2.87524
-0.0320844,0.072764
-0.047643,0.400213
0.361963,10.594
-0.0119249,0.396802
-0.0287164,0.320199
-0.104385,0.681211
-0.0780141,0.389355
-0.0691046,0.504799
0.164348,2.9634
0.124008,2.57782
-0.0672518,1.29999
0.309775,7.52789
0.231039,5.41134
0.180324,2.98497
-0.309116,8.47012
-0.108737,0.819634
0.0328656,0.102774
-0.271147,5.58764
-0.0058467,0.371716
0.00515586,0.0396731
0.0107092,0.0177994
-0.00653236,0.082154
-0.122399,0.969671
-0.0528989,0.308748
-0.173783,2.36431
0.0701619,1.10517
0.0658228,0.821015
-0.0111303,1.19122
-0.0574605,0.334937
-0.112768,0.894982
-0.143933,2.01723
0.00780081,0.178438
0.162939,1.81082
0.029046,0.163588
-0.239059,3.92589
-0.0272381,0.078252
-0.00567701,0.1257
-0.0176637,1.16253
-0.332229,8.35589
-0.0161298,0.0758332
-0.0155,0.739236
0.330281,7.64935
0.227581,4.41226
-0.151042,1.63499
0.204932,3.06804
0.130479,1.56605
0.0426112,0.297548
0.353112,8.49191
0.0289562,0.671517
-0.0654656,0.357222
-0.188267,3.62424
-0.0030208,0.402201
-0.0509641,0.951594
0.08063,0.894598
-0.136713,1.5881
0.0473971,0.270467
0.10244,0.714411
-0.449401,13.9371
-0.10748,1.12683
-0.234912,5.0806
0.2307,4.17536
-0.374316,9.4517
0.0136842,0.123629
-0.14945,1.79543
-0.0410974,0.246575
-0.146671,1.69535
-0.0903057,0.838172
0.0572499,1.31256
0.246581,3.89695
-0.0186886,0.775464
-0.130389,1.927
-0.1576,1.71763
0.103329,0.877724
-0.0669911,0.511098
-0.243662,3.91369
0.105516,1.05264
0.0337676,0.370599
-0.144964,2.52648
-0.0522885,0.24123
-0.109632,1.32677
-0.0809256,0.668538
0.0282587,0.15171
0.0051456,0.300319
-0.168898,2.82224
-0.0624492,0.846611
-0.0953082,0.856532
-0.113091,1.7839
-0.117114,1.2144
0.0102436,0.0773668
0.0166921,0.117217
-0.0953377,0.607257
0.0404925,1.0063
-0.043903,0.174884
-0.197485,3.28741
-0.108777,0.880632
0.119276,2.1653
-0.0327837,0.345895
0.114212,1.29702
0.252469,4.1094
0.106352,0.749799
0.0620044,0.476579
-0.12356,1.55298
-0.0253534,0.489967
0.101828,0.951189
-0.0270575,0.319099
0.319183,9.97316
0.0632736,2.17578
-0.018096,0.0347892
-0.137648,1.34601
0.000901582,0.011122
0.337024,8.3821
-0.196692,3.38331
-0.0845841,0.800002
0.0627808,0.587816
-0.0663669,0.340878
0.0267332,0.696772
-0.116981,0.996903
-0.0814743,0.824882
0.206488,2.72648
-0.190474,2.48244
-0.0897568,0.536406
-0.418959,16.0014
-0.0251582,0.102087
0.0665533,0.300342
0.00582763,0.606798
0.412263,12.2974
0.0694172,0.703359
0.0242074,0.140319
0.0975048,0.890563
-0.140888,2.24428
-0.181284,2.68037
0.12988,1.15311
-0.230146,3.3761
0.136263,2.27246
0.0053486,0.178726
0.0255745,0.0837545
-0.202972,2.83263
-0.0869927,0.856605
-0.00986778,0.0995674
0.0306089,0.626858
-0.0481822,0.33614
0.169973,2.91526
-0.00886525,0.0820894
-0.184445,2.30005
0.134029,2.23027
-0.0749591,2.11777
-0.343558,8.7573
0.0855768,0.94161
0.124347,1.62394
0.0855571,2.73387
-0.0135899,0.0605045
-0.0236912,0.336401
-0.0362944,0.662944
0.200115,3.34444
-0.171583,2.2485
-0.0622094,0.716944
-0.0955237,0.849224
-0.177338,2.05601
0.183352,3.36864
0.0637728,2.61991
0.0121685,0.162324
0.194909,3.25
0.102977,0.782389
0.155143,1.76034
0.127929,1.49766
0.0385563,0.917074
-0.357982,9.10693
-0.138565,1.31329
-0.0184354,0.439271
-0.198816,3.31643
-0.0494142,0.298679
-0.115947,1.18469
0.00961163,0.226527
0.247702,4.44181
0.471077,15.5651
-0.0700082,0.341192
0.0341415,0.160292
0.0698021,0.517373
-0.00997106,0.188642
-0.0258035,0.35369
-0.00545375,0.146758
-0.26318,4.86115
-0.0889514,0.646381
0.15517,1.61198
-0.302076,6.71131
-0.130036,1.49454
0.172216,2.1715
-0.0495106,0.167189
0.104905,1.44722
-0.020261,0.295981
0.0707443,0.357307
-0.0501569,0.16146
0.121986,1.10741
0.0323082,0.201663
-0.115554,1.3599
0.119853,1.94404
0.0360224,0.0925412
0.020841,0.307865
-0.0636789,0.815525
0.178961,2.96777
-0.147163,1.68686
-0.230695,3.93224
0.0982044,0.682302
0.322615,7.50727
0.0754867,1.22543
0.143091,2.18321
-0.0627571,0.524443
-0.0370658,0.430242
0.0245304,0.284318
-0.117531,1.81902
-0.0905623,1.27942
0.0920159,0.97099
-0.0978256,0.705942
-0.250142,5.05036
-0.0432617,0.571092
-0.026465,0.610758
0.140159,1.39151
-0.015807,0.631328
-0.0319233,0.199658
0.0538978,0.325607
-0.138938,1.63009
0.245348,3.92942
-0.0107005,0.713724
-0.0618444,0.423864
0.173824,3.40143
-0.203536,3.52764
0.228816,4.37766
0.016428,0.647868
-0.0328642,0.370908
-0.21752,3.12698
-0.0479734,0.351599
-0.107202,1.20039
0.036105,0.316904
0.133354,1.88557
0.00317407,0.0494484
-0.0275609,0.0914143
0.00549372,0.275091
0.295164,5.97736
0.147415,1.76257
0.212605,3.48361
-0.169588,2.1242
0.0666772,0.453523
-0.180216,2.07436
0.0499293,1.15104
0.188784,3.2913
0.199342,2.87781
0.0522855,0.393496
-0.183728,2.89177
0.266981,5.28634
0.0257732,0.464
0.18695,2.9957
-0.183273,2.37309
-0.0743321,1.36157
0.0178686,0.383084
-0.0460187,0.18218
0.0784618,1.55843
-0.178371,2.81875
0.132076,1.33749
-0.123876,1.28309
0.0616017,0.946092
0.260807,5.24396
0.328003,8.32924
-0.0711743,0.35414
0.10838,0.966105
0.181588,2.27284
0.343359,9.86071
0.0174496,0.0528488
-0.0602035,0.246023
0.0875178,0.939795
-0.015843,0.0468427
0.0273746,0.286304
-0.0807217,0.577869
-0.0237679,0.13303
-0.00265343,0.0231409
0.205462,4.32986
0.173105,2.45223
-0.0318232,0.350461
0.0140044,0.11424
0.519647,20.2414
0.0935411,1.19467
0.171359,1.84661
0.119269,1.35879
0.303564,6.57634
-0.0985138,0.699209
-0.228015,6.80725
-0.266154,4.96758
0.218191,4.62693
0.0121358,0.296349
-0.0220175,0.85846
0.11614,1.25118
-0.147918,1.44258
-0.286092,6.65748
0.160244,2.21133
-0.180928,2.96374
-0.24747,4.9036
0.136776,1.23787
0.189474,2.84768
0.183759,3.1236
-0.0138495,0.0139378
0.103247,0.7222
0.0238351,0.174941
0.0472101,0.713364
0.0353755,0.100237
-0.159779,3.57456
0.104787,1.38943
0.0913953,0.789057
-0.175218,3.2594
0.0173589,0.311299
-0.0837942,0.915524
-0.0527125,0.5574
0.0654479,0.391164
-0.0379664,0.150621
0.198316,2.58224
0.0685575,0.686515
0.106601,1.44762
-0.0481336,0.186366
-0.0700288,0.604929
-0.226459,3.34819
0.0486788,0.325495
-0.148935,2.4105
0.0521811,0.726044
-0.170012,2.00225
-0.0699732,0.834576
0.338577,8.60661
-0.255987,4.67428
-0.147911,2.49542
0.103743,2.06913
-0.025032,0.711272
0.0506923,1.00755
-0.00274493,0.167858
0.0470001,0.688528
0.130981,1.50712
0.182629,2.46079
-0.0541651,0.229828
-0.0594812,0.635614
-0.0635054,1.07052
0.00855328,0.653615
0.0106708,0.308681
-0.0452696,0.292261
0.169089,2.01453
0.0632584,0.252369
-0.203105,2.75118
-0.196922,2.79912
-0.0912417,0.686864
-0.0191791,0.612365
-0.349499,8.12777
0.186463,2.83084
0.306214,8.49998
0.0968945,0.736244
0.0877009,0.632752
0.173001,2.77058
-0.0640994,0.691418
0.0913814,0.580235
0.0107268,0.343324
-0.0777638,0.526708
0.00950682,0.0585522
0.242645,4.00957
-0.199085,3.15885
-0.0364068,0.0881338
-0.145702,1.45375
0.0135969,0.464
-0.119514,1.06497
-0.00304607,0.011793
0.184619,2.90531
0.051795,0.333409
-0.0153758,0.0596653
-0.16875,2.09561
-0.0244669,0.127491
0.00884052,0.216415
-0.112112,1.16146
-0.174654,3.01057
0.105256,0.827466
0.192876,4.08679
0.145171,1.82702
-0.0856805,0.505863
-0.103353,1.11406
-0.314473,7.40049
-0.132894,1.49445
-0.159303,1.65663
-0.0834085,0.650075
-0.0274099,0.183943
-0.0705479,1.52918
-0.135104,1.23129
0.341189,8.19704
-0.0178561,0.120491
-0.0143586,0.0920473
-0.0823917,0.570523
-0.244637,4.33038
-0.0568072,0.795692
-0.18617,2.8757
0.051405,0.434251
-0.145747,1.77414
0.121969,1.15793
0.197855,3.44781
-0.0229845,0.13145
-0.18022,3.62748
0.0270421,0.766459
0.194842,2.64796
0.160553,2.02022
0.12748,2.03156
0.0521864,0.542158
0.0966645,0.321958
-0.470922,0.142911
0.866639,0.72778
-0.276296,0.835965
-0.329308,0.933525
0.457731,0.735887
1.52974,0.415235
0.0303525,2.04549
0.369037,1.07747
0.676183,0.750525
0.665944,0.458017
0.0820026,0.148876
0.511531,0.315977
-0.727307,1.46256
0.137609,0.223661
-0.103651,2.18834
0.383645,0.49789
0.786903,0.634683
-1.00466,1.81818
-0.090272,0.317468
-0.342852,0.891882
0.612408,0.389128
-0.36,0.454712
-0.645882,0.411104
0.490284,1.09998
0.0879174,0.458933
-0.0544212,0.147855
0.0697323,0.670921
0.626768,0.781966
-0.0704408,0.212564
-1.03941,0.533872
0.923461,0.788723
-0.987782,0.287387
1.1651,0.154037
-0.146068,0.38377
-0.173264,0.224078
0.960477,1.82316
-0.129734,0.251134
-0.67603,1.11051
-0.66983,0.201746
-0.212768,0.516959
0.482021,0.163525
0.195978,0.129346
1.79235,0.583851
-0.404928,1.2141
-0.482174,0.0547764
0.296698,1.2505
0.199242,1.84221
0.724679,0.907408
-0.761943,0.175723
0.209131,1.42813
-0.511027,0.823264
0.576769,1.20472
-0.426074,0.275667
0.431352,0.733166
0.210187,0.954244
-0.0692817,0.161564
-0.252954,0.389125
0.0702619,0.796419
-0.184744,0.4439
-0.219442,0.080277
-1.01811,0.235168
-1.39255,2.12799
0.149935,0.14171
-0.190894,0.379107
0.0628047,0.306239
0.140188,0.659319
-0.414849,0.238331
0.462937,0.356608
-0.293763,0.22884
-0.508465,0.59804
-0.653376,2.27118
0.859535,2.2522
-0.962429,0.284225
-0.137266,0.92498
0.141522,0.493598
-0.0548923,0.499665
0.371184,0.516673
0.719351,0.596492
0.983797,0.145167
-0.638114,1.18714
-0.314243,2.17867
-0.500407,0.132853
0.519003,0.304139
1.04284,1.16323
-0.894326,0.422995
0.347467,0.610415
-0.371788,0.429739
-0.255675,0.308118
-0.234521,1.60879
0.109038,0.110662
-0.161272,0.506626
0.596335,1.39947
0.0385404,0.432042
0.563355,0.244226
0.00252978,0.727406
-0.388484,0.888856
-0.261892,0.729375
-0.194272,0.172524
-0.751216,0.16051
0.630717,0.433455
-0.394325,0.360317
0.879081,0.542031
0.313428,0.396395
0.469171,0.817574
0.504662,0.587628
0.499987,0.26389
-0.00423968,1.10901
0.920349,0.963101
-0.0709879,0.480796
0.0148294,0.523613
-0.368887,0.54179
0.320588,0.526035
0.195784,2.01659
-0.191141,1.01204
0.649389,0.766098
-0.678168,0.055675
0.520693,0.539633
0.00628628,0.287936
-0.826544,0.758985
-0.259933,0.102953
0.464189,0.109497
0.0602752,0.248409
0.260044,0.276409
-0.337862,0.325208
0.977503,1.1204
-0.2074,0.589311
0.538742,0.146607
-0.286432,0.968478
-0.0117612,0.391204
0.0542626,0.178088
0.436827,0.501669
-0.509247,1.00856
-0.26409,0.389566
0.0618514,0.712705
0.00784824,3.11925
-0.534739,0.33234
0.254057,0.601442
-0.597649,0.808747
-0.0740253,0.0978856
0.467623,0.258089
-0.408532,0.5263
0.731822,0.661428
-0.0257528,0.168882
1.1086,1.79593
-0.561408,0.517436
-0.444294,1.02433
-0.0754301,0.111338
0.351256,1.16799
-0.352004,0.657455
-0.570013,0.98771
-0.165008,0.599293
0.605988,0.40922
-0.827746,0.954221
0.501636,0.604215
0.854565,0.352792
0.624409,0.762208
0.38098,0.954959
-0.602334,0.375058
-0.363435,0.675939
-0.569539,0.617794
-0.727877,0.126356
0.0697051,0.737465
0.324427,0.0944812
-0.165,0.425494
0.0407034,0.116557
0.833337,0.720338
-0.701431,0.347257
0.132967,0.598238
0.536961,2.44142
-0.723991,0.511327
-0.350376,0.112104
-0.0421871,0.161305
0.86207,0.325426
0.341089,1.05338
0.850845,1.24827
0.241957,0.186554
0.177483,0.262027
0.217296,0.351572
-0.854243,0.268798
-0.0394318,0.425931
0.515243,0.510787
-0.134532,0.414685
-0.0288003,0.123104
0.445854,0.518064
0.575288,1.66693
0.396995,2.68982
-0.912929,0.0723777
-0.0731832,0.376759
0.642186,0.537238
0.890611,0.426307
-1.36045,2.49343
0.102429,0.435277
0.915208,0.343161
-0.207256,0.420343
0.394094,0.179916
-0.513247,0.63426
0.546338,0.255828
-0.752965,1.35888
-0.408122,0.517814
-0.00548646,0.322818
-0.133049,0.350867
-1.07913,0.514258
1.00477,0.768302
-0.477661,1.09231
0.543918,0.150654
-0.0168066,0.204254
-0.413764,0.707965
-0.34427,0.385453
-0.788905,0.534692
-0.70115,0.155555
-0.175569,0.912779
0.483733,0.140799
-0.265156,0.214832
0.16433,0.318438
0.285857,0.748697
-1.05854,0.8122
0.359941,1.2844
0.746251,0.350812
0.582033,0.87933
1.13217,0.199576
-0.317088,0.278738
-0.227374,1.15858
-0.280103,0.533467
0.771601,2.18088
1.05416,1.24475
0.760803,0.25134
-0.681728,0.554069
0.688074,0.841605
-0.0375438,0.829829
0.651417,0.126422
-1.11568,0.498046
-0.590661,0.497759
-0.234372,0.659116
0.86572,0.402054
-0.382831,0.294622
0.360098,0.982975
0.814085,0.563552
-0.154124,0.244418
0.460386,0.869661
0.296475,0.442346
0.718553,0.280695
-0.26976,0.428008
0.122481,0.341638
-0.149109,0.136581
0.727334,0.918989
-0.705824,0.0766087
-0.499909,0.950959
-0.397932,0.143607
-0.594248,0.379412
-1.09109,1.28342
-0.235435,0.364809
0.200634,0.224906
-0.0284592,0.369215
0.730387,0.960303
0.634144,0.0813355
0.465644,0.110552
-0.381792,1.21704
-0.690592,0.626517
-0.0582594,0.647885
0.153386,0.467431
0.165841,0.803986
0.334357,1.44726
-0.123153,0.0434641
0.0843335,0.333556
0.537734,0.338525
-0.556439,0.363414
0.240786,1.81855
-0.574165,0.722514
-0.453526,0.305736
-1.51892,0.591114
-0.336156,2.45599
0.309222,0.400591
0.0373113,0.989139
0.00641573,0.399143
1.22738,1.60251
-0.155736,0.64292
0.139148,0.185706
0.398634,1.14727
-1.19923,0.263915
-0.993114,0.304822
-0.358903,1.67852
0.0247797,0.171361
-0.347568,0.501843
-0.36688,0.0472263
-0.3883,0.271716
-0.659242,0.460111
-0.217419,0.502313
0.291221,0.655934
-0.499115,0.418222
-0.875303,1.97099
0.0789747,0.341503
0.380202,1.9152
-0.178842,0.5186
0.178683,0.511888
-0.280984,0.457872
-0.0620853,0.517984
1.04821,0.364392
-0.0351958,0.170331
-0.0456333,0.300607
1.2422,1.03247
0.476238,0.564
0.23491,0.290098
0.457092,0.68442
-0.145556,0.792508
0.643655,0.672131
0.192311,0.753794
0.314022,0.495076
-0.897932,0.595152
-0.484852,0.533252
0.455143,0.540359
0.124941,0.89476
0.133375,0.361194
-0.688328,0.273646
-0.887805,0.999773
-0.305706,0.329221
0.139021,0.436455
-0.333984,0.929115
-0.344157,0.648792
-0.428421,0.610364
0.492372,0.449997
0.238459,0.183462
-0.192497,0.132742
0.127823,0.134717
-0.449948,0.331257
-0.130596,0.163003
0.6325,0.285231
-1.20077,0.579909
-0.309407,0.266069
-0.0758632,1.36241
1.17727,0.640458
0.398773,1.01635
-0.0595583,2.14098
-0.914683,0.570783
0.12667,0.2451
0.417961,0.175713
1.64282,0.808132
-0.926545,1.03691
0.0667852,0.0718827
0.61928,1.09421
-0.319337,0.278853
-0.442735,0.362905
0.173135,1.10364
-0.245051,0.320221
0.828862,0.174919
0.318154,0.420515
-1.44408,0.318681
0.512168,1.27769
-0.772557,0.723734
0.0750363,1.1096
-0.587653,0.303358
0.371218,0.577793
-1.08534,0.541695
0.478884,0.264589
-0.103799,0.205455
-0.900158,0.359901
0.0161756,0.627103
1.82886,1.8819
-0.999044,0.363874
-0.0868946,0.50917
0.700225,0.194151
-0.195352,0.70207
0.920418,2.13422
1.21818,0.841828
-0.172682,2.15483
-0.019369,0.0829075
0.217324,0.660432
0.366861,0.436259
-0.0663102,1.54708
0.313523,0.23842
0.192426,0.235589
-0.849627,0.701501
0.121539,0.625992
0.157044,0.929945
-0.252757,0.562401
-0.019901,0.898961
0.159206,0.417501
0.931786,1.97786
-0.992976,0.395398
0.37683,0.20747
0.34237,0.979857
-0.114981,1.06951
0.175652,0.515537
-0.27753,1.96012
0.759329,0.751203
-0.36244,0.79047
0.33165,0.0928263
0.0213003,0.28235
-0.459076,0.480694
-0.373935,0.721765
-0.582397,0.459109
-0.170729,0.493001
0.457702,0.0743738
0.405937,0.0820287
-0.440096,0.372705
0.0342381,0.943916
-0.500271,0.257818
-0.284859,1.37137
-0.0923955,0.423746
-0.399232,0.170372
-0.430025,0.638848
-1.26049,2.03002
-1.06817,1.263
0.91806,0.312048
0.046157,0.0498726
0.813769,0.412782
0.633185,0.842445
-0.0288883,0.591171
-0.0451902,0.941817
-0.581207,0.856421
-0.681557,0.246999
0.170412,0.595958
0.578018,0.166881
-0.388369,0.746456
-0.805371,1.96918
-0.500937,0.286218
-0.587159,1.04624
0.374986,0.152034
0.556018,0.0741837
0.566449,0.179183
0.0212695,0.125322
-0.919275,0.271258
-0.536983,0.250129
0.123182,0.299916
-0.152088,0.580668
-0.709759,0.918686
-0.352165,0.290308
-0.871886,0.908203
0.251266,1.41731
1.05488,1.13903
-0.0610768,0.0583942
-0.416508,1.08079
-0.136182,0.429231
0.450888,0.22421
-0.591725,0.820702
1.12317,2.45047
-0.295411,2.03939
0.180505,0.631448
-0.542613,1.22461
0.61858,0.884343
0.567504,0.628595
-0.267893,2.2701
-0.469992,1.0792
0.00969886,0.325355
0.761514,1.2182
-0.173254,0.690523
-0.306039,0.128756
0.67828,0.443024
0.61304,0.264001
0.433911,0.23602
-0.142216,0.237933
-0.160092,0.125022
0.801851,1.30011
-0.650478,0.548695
0.0225999,0.941923
-0.0827404,0.342136
0.495337,0.14227
-1.30728,0.577933
0.0812586,0.458249
-0.874303,0.416624
0.26936,0.658392
-0.416334,0.970174
0.244471,0.201928
0.712457,0.504586
-0.99081,0.442579
0.402082,0.382265
0.702715,0.417137
0.531081,0.874149
-0.2904,0.488398
1.24044,1.01931
0.00186287,0.749383
0.147567,0.643315
-0.231161,0.664879
0.0144048,0.237892
0.374536,0.397978
0.676112,0.343839
-0.27908,0.669649
-0.513171,0.738116
0.155,0.169295
-0.692799,0.785525
-0.247107,1.05588
-0.136934,0.696712
0.236958,0.38326
0.196124,0.244116
0.23602,1.52859
0.0932195,0.325713
-1.36732,1.31744
-0.329493,0.131938
-1.21535,1.01091
0.0543839,0.470958
0.122407,0.796619
-0.735433,0.719693
-0.011092,0.225843
-0.123217,0.582208
-0.970094,0.608217
0.470567,0.0809505
-0.336045,0.581216
-0.299307,0.655464
-0.579881,0.160843
-0.123908,0.414233
-0.615816,0.498822
0.21505,0.524991
-0.956706,1.37986
1.81985,1.96539
0.438759,0.552356
0.188781,0.139819
-0.374205,0.751169
0.332375,1.0071
-0.0850898,0.4149
0.0235065,0.858086
0.908297,0.450679
0.447038,0.115803
-0.348238,0.929149
-0.912045,0.310987
1.18677,1.3062
-0.145436,0.887163
-0.38733,1.40033
0.0824076,0.934208
-0.583704,0.491106
-0.636628,1.70717
0.0783891,0.329272
1.05015,0.508958
1.12271,0.601579
0.974383,2.4023
-0.906352,0.132721
0.909037,0.299117
-0.0940006,0.219342
-0.538319,0.280973
0.265923,0.194214
-0.102529,0.353926
-0.420744,0.777098
-0.340077,0.618421
-0.851831,0.341392
-0.288299,0.548038
0.00576831,0.183467
-0.671742,0.737409
0.58404,0.400944
0.540497,0.118133
-0.0489805,0.43429
-0.317838,0.768638
-0.0946136,0.34016
-0.387383,0.289917
-0.18645,1.90621
0.766761,0.493496
0.103886,0.258589
-0.301098,0.256069
-0.0876952,0.351255
0.241482,0.217081
-0.376123,0.415933
0.391158,0.226923
0.119836,0.929519
-0.761232,0.738749
-0.474543,0.66827
0.314194,0.883798
0.449576,0.306879
-0.459726,0.57386
-0.939946,1.43609
0.226295,0.766177
-0.939201,0.403094
0.396894,0.346996
-0.3825,0.298006
0.33557,0.121733
0.165189,0.195343
0.654595,0.57478
-0.622033,0.806036
-0.438373,0.353978
-0.805111,0.603497
0.199397,2.44675
0.491978,0.118556
0.117112,0.247665
-0.889623,0.304393
0.301154,0.438459
0.294002,0.495163
0.00754809,0.444836
0.544914,0.453273
0.151396,0.350789
0.12527,0.249003
0.452364,0.830311
-0.231634,0.895368
0.0338687,0.457938
-0.0861535,0.520265
0.809913,0.911261
-0.180314,0.637624
0.211201,0.251091
0.801317,0.24685
0.541281,0.868407
-0.771799,0.694642
0.388072,0.413723
-0.326135,0.572293
-0.114238,0.246506
-0.254229,0.253009
-0.335479,0.40629
0.10249,1.3876
1.26625,0.687381
0.0751571,0.542651
-0.883795,0.27638
-0.496157,0.222729
0.589964,0.880386
-0.321051,1.00252
0.841403,1.21026
-0.162328,0.27237
0.408921,0.653848
0.385437,0.446577
-0.983986,0.361158
-1.09415,0.747135
-0.086881,0.428308
-0.506616,0.487188
-0.913378,1.69251
-0.282056,0.77563
-0.0700654,0.490961
0.264078,0.240017
1.15877,0.454176
0.673277,0.498685
-0.591145,1.55328
0.136501,0.0904815
-0.643475,0.212559
-0.398228,1.17713
0.176789,1.47512
-0.545967,0.733138
1.04999,0.651531
0.239207,0.464292
-0.270431,1.30614
0.727573,0.763263
0.915358,0.263231
0.593646,0.312518
0.395081,0.220436
-0.0317147,0.665395
-0.654464,0.156187
0.468234,0.464191
-0.908971,0.522597
0.650663,0.244192
0.404303,0.637596
-0.11743,1.28411
-0.882643,0.56964
0.173018,0.758337
-1.07025,0.795138
0.393368,0.638297
-0.205617,0.949384
-1.20301,1.07695
-0.934871,1.9801
-0.533506,1.67178
0.0572666,0.928838
-0.61565,0.350005
-0.239265,0.266547
-1.28017,3.59504
-1.10107,1.91023
0.0226412,0.140084
0.51344,0.809773
0.945846,1.5331
-0.520895,0.529542
-0.131322,0.460303
-0.502571,0.176044
1.22511,1.89059
0.133978,0.472942
0.285751,0.363702
-0.175218,0.153909
0.980736,0.699205
0.440782,1.24181
0.663444,0.394682
0.0316908,0.704986
-0.788335,0.640603
-0.271076,0.296748
0.221333,0.285816
-0.705211,1.12583
0.655389,0.306044
-0.717423,0.501553
0.244083,0.15326
0.804692,0.974254
0.368744,0.52356
-0.101853,0.332074
0.426622,0.182534
0.448473,0.235775
-0.227489,0.364173
-0.466696,0.818474
0.115647,0.357787
0.31738,1.62611
-0.732831,1.18346
0.137959,0.331209
-0.53711,0.895295
-0.653048,0.146435
-0.0971327,0.836549
-0.707487,1.67939
-0.0309923,0.987777
0.125922,0.448283
0.174355,2.54894
1.41066,0.248557
-0.0622728,0.341655
-0.278856,0.121316
0.177163,0.243521
-0.457299,0.419918
0.778365,1.1623
0.266324,0.585706
0.858791,0.975141
1.03286,0.542711
0.301446,0.888359
0.0212298,0.493035
0.909052,1.50144
-0.251516,1.00507
-0.409549,0.666095
0.67066,0.614132
-0.105345,0.41311
-0.368773,0.502943
-0.438649,0.700331
-0.186485,1.00719
-0.122356,0.206603
0.303227,1.20297
-0.614695,2.40014
0.245568,0.0982579
-0.142155,0.886211
0.141415,0.941549
-0.392188,0.932385
0.242451,0.54408
-0.244135,0.290061
-0.30322,0.171169
-0.327663,0.684888
0.013175,0.724996
-0.64887,0.780619
-0.816421,2.65231
0.790767,0.810778
0.232223,1.06139
-1.12236,2.11463
-0.648757,0.147222
0.154639,0.783506
1.26509,1.07182
0.964749,1.58077
-0.127907,0.212694
-0.315585,0.523214
0.124863,0.507923
-0.237095,0.703336
-0.361864,0.943003
0.419218,0.483535
0.367376,1.03324
0.468388,0.161931
-0.499555,0.112618
-1.18014,0.706565
-0.842349,1.02868
-0.133868,0.199117
-0.0949607,0.563601
-0.00656042,0.337187
-0.503012,0.689188
0.300556,1.52756
0.283315,0.24386
-0.37471,0.740944
-0.716953,0.659912
-0.0782411,0.765628
-0.109447,1.00132
0.0598945,0.118797
-0.672761,1.07988
0.410962,0.923026
-0.238081,2.09074
